{"cameraMode":{"drawMode":0,"name":"Shaded","section":"Shading Mode"},"sceneLighting":true,"audioPlay":false,"sceneViewState":{"m_AlwaysRefresh":false,"showFog":true,"showSkybox":true,"showFlares":true,"showImageEffects":true,"showParticleSystems":true,"showVisualEffectGraphs":true,"m_FxEnabled":true},"in2DMode":false,"pivot":{"x":-30.604583740234376,"y":94.48214721679688,"z":-150.22950744628907},"rotation":{"x":0.060675766319036487,"y":-0.07777772843837738,"z":0.004744168370962143,"w":0.9951182007789612},"size":114.45014190673828,"orthographic":false}